{"request_ts": [[1690227632.7832162, 1690227633.7819417, 1690227634.7819061, 1690227635.7819095], [1690227632.7832565, 1690227633.7819746, 1690227634.7819355, 1690227635.7819402], [1690227632.7832825, 1690227633.7819967, 1690227634.7819574, 1690227635.7819626], [1690227632.7833068, 1690227633.7820184, 1690227634.7819781, 1690227635.7819848], [1690227632.783331, 1690227633.7820387, 1690227634.7819984, 1690227635.7820058], [1690227632.783355, 1690227633.7820592, 1690227634.7820191, 1690227635.7820268], [1690227632.783378, 1690227633.78208, 1690227634.782039, 1690227635.7820475], [1690227632.783401, 1690227633.7821, 1690227634.7820594, 1690227635.782068], [1690227632.783424, 1690227633.78212, 1690227634.7820792, 1690227635.7820885], [1690227632.7834466, 1690227633.7821395, 1690227634.782099, 1690227635.7821088]], "response_ts": [[1690227632.7851381, 1690227633.7857196, 1690227634.7866278, 0.0], [1690227632.7855265, 1690227633.7999187, 1690227634.8142278, 0.0], [1690227632.7870808, 1690227633.83142, 1690227634.8145232, 0.0], [1690227632.787084, 1690227633.8317688, 1690227634.8476436, 0.0], [1690227632.7882042, 1690227633.865861, 1690227634.8479402, 0.0], [1690227632.7893856, 1690227633.8665853, 1690227634.8796244, 0.0], [1690227632.7916265, 1690227633.8969588, 1690227634.8798418, 0.0], [1690227632.7916296, 1690227633.8972852, 1690227634.9139187, 0.0], [1690227632.7917774, 1690227633.9306068, 1690227634.9463916, 0.0], [1690227632.7931714, 1690227633.9309547, 1690227634.980789, 0.0]], "addresses": ["192.168.0.1", "192.168.0.1", "192.168.0.1", "192.168.0.1", "192.168.0.1", "192.168.0.1", "192.168.0.1", "192.168.0.1", "192.168.0.1", "192.168.0.1"], "duration": 3, "period": 1.0, "ldns": "192.168.0.1"}