{"ns2.google.com.": 0.05205655097961426, "ns4.baidu.com.": 0.2789883613586426, "a.ns.facebook.com.": 0.01541280746459961, "ns4.dnsv5.com.": 0.2611103057861328, "dns1.p09.nsone.net.": 0.03792524337768555, "ns1.qq.com.": 0.17107653617858887, "ns3.p34.dynect.net.": 0.3657708168029785, "ns1.yahoo.com.": 0.013663291931152344, "ns1.wikimedia.org.": 0.15642809867858887, "ns1.p31.dynect.net.": 0.35544347763061523, "b.ns.instagram.com.": 0.030021190643310547, "ns1.p43.dynect.net.": 0.35753822326660156, "ns-1029.awsdns-00.org.": 0.0014460086822509766, "a.ns.whatsapp.net.": 0.01641368865966797, "nse21.o365filtering.com.": 0.18067145347595215, "ns1-02.azure-dns.com.": 0.0517117977142334, "ns-1137.awsdns-14.org.": 0.004224538803100586, "ns1-39.azure-dns.com.": 0.02926778793334961, "ns2.yandex.RU.": 0.0532383918762207, "ns2.vkontakte.ru.": 0.030581235885620117, "ns1.randomserver.com.": 0.11248660087585449, "sdns3.ultradns.net.": 0.039324045181274414, "ns6.nease.net.": 0.046149492263793945, "ns-1475.awsdns-56.org.": 0.0053844451904296875, "ns1.canva.com.": 0.009591341018676758, "dns1.p08.nsone.net.": 0.03657793998718262, "ns4.google.com.": 0.024385452270507812, "ns1.sina.com.cn.": 0.3162682056427002, "b.ns.apple.com.": 0.018909215927124023, "a.r06.twtrdns.net.": 0.012643814086914062, "ns4-32.azure-dns.info.": 0.02849602699279785, "ns4.taobao.com.": 0.19409704208374023, "ns1.p11.dynect.net.": 0.35602641105651855, "ns2.naver.com.": 0.32413721084594727, "ns1.jdcache.com.": 0.3136718273162842, "ns11.yahoo.co.jp.": 0.2942185401916504, "ns3.mail.ru.": 0.04505181312561035, "ns1.alibabadns.com.": 0.1876370906829834, "nse12.o365filtering.com.": 0.12173867225646973, "ns2.sina.com.cn.": 0.26601099967956543, "jonah.ns.cloudflare.com.": 0.010363340377807617, "ns1.p57.dynect.net.": 0.3524758815765381, "ns3.dnsv4.com.": 0.2211756706237793, "sima.ns.cloudflare.com.": 0.008963823318481445, "ns2.mail.ru.": 0.02622056007385254, "ns-1372.awsdns-43.org.": 0.0025076866149902344, "dns1.p06.nsone.net.": 0.0377962589263916, "ns1.pinterest.com.": 0.3539009094238281, "adobe-dns-03.adobe.com.": 0.05150151252746582, "PDNS1.ultradns.net.": 0.016453027725219727, "vip3.alidns.com.": 0.2315685749053955, "ns-1321.awsdns-37.org.": 0.0068378448486328125, "ns-1033.awsdns-01.org.": 0.0015110969543457031, "ns2.pixiv.net.": 0.26572299003601074, "ns12.sohu.com.": 0.19265341758728027, "walt.ns.cloudflare.com.": 0.006590127944946289, "ns10.dnsmadeeasy.com.": 0.040750980377197266, "ns-1143.awsdns-14.org.": 0.0019009113311767578, "ns3-36.azure-dns.org.": 0.03857159614562988, "ns2.xxx.org.": 0.11072707176208496, "dns1.p01.nsone.net.": 0.04063892364501953, "ns1.iqiyi.com.": 0.2804231643676758, "dns1.p05.nsone.net.": 0.0419316291809082, "chip.ns.cloudflare.com.": 0.005144596099853516, "ns1.dnsimple.com.": 0.04013848304748535, "ns4.p31.dynect.net.": 0.3565530776977539, "v1.dnsip.net.": -1, "dns1.p03.nsone.net.": 0.03388237953186035, "ns4.qq.com.": 0.18695545196533203, "ns3.google.com.": 0.02295541763305664, "ns3.aliyun.com.": 0.2737741470336914, "ns-1450.awsdns-53.org.": 0.0016870498657226562, "ns0.bkngs.com.": 0.03035569190979004, "ns-cloud-b2.googledomains.com.": 0.04481840133666992, "amy.ns.cloudflare.com.": 0.009048700332641602, "ns-1072.awsdns-06.org.": 0.005797386169433594, "dns1.youku.com.": 0.19631075859069824, "ns-1162.awsdns-17.org.": 0.0015397071838378906, "ns-cloud-b1.googledomains.com.": 0.04161334037780762, "lucy.ns.cloudflare.com.": 0.00998997688293457, "ns-110.awsdns-13.com.": 0.017461776733398438, "ns-1495.awsdns-58.org.": 0.0018298625946044922, "dara.ns.cloudflare.com.": 0.005646467208862305, "gabe.ns.cloudflare.com.": 0.007491350173950195, "ns-1533.awsdns-63.org.": 0.0015418529510498047, "ns.gabia.co.kr.": 0.26879405975341797, "udns1.salesforce.com.": 0.018338441848754883, "ns3.dnsv3.com.": 0.25911378860473633, "kip.ns.cloudflare.com.": 0.013292074203491211, "ns2.edgedns.world.": 0.04610109329223633, "sdns14.ultradns.org.": 0.01327061653137207, "ns1.wordpress.com.": 0.021076202392578125, "ken.ns.cloudflare.com.": 0.011766910552978516, "ns-1381.awsdns-44.org.": 0.001453399658203125, "nsa.chaturbate.com.": 0.009775400161743164, "ns-1493.awsdns-58.org.": 0.0031003952026367188, "ns3.nih.gov.": 0.12482047080993652, "dns0.bbc.co.uk.": 0.03994488716125488, "ns2.dnsv2.com.": 0.2589867115020752, "ns2.ok.ru.": 0.024351119995117188, "ns2.daum.net.": 0.2691318988800049, "sec1.rcode0.net.": 0.0166933536529541, "ddns0.bbc.com.": 0.04168415069580078, "pete.ns.cloudflare.com.": 0.010355472564697266, "ns5.dnsmadeeasy.com.": 0.03630495071411133, "ns-1489.awsdns-58.org.": 0.0017769336700439453, "ns3.dnsv5.com.": 0.2646372318267822, "ns1.tumblr.com.": 0.016078948974609375, "woz.ns.cloudflare.com.": 0.0073473453521728516, "ns4.dnsv4.com.": 0.2633934020996094, "ns-1086.awsdns-07.org.": 0.0012516975402832031, "f.ns1.digikalacloud.com.": 0.04172492027282715, "edns5.ultradns.biz.": 0.012601613998413086, "dns1.p07.nsone.net.": 0.03786349296569824, "ns-1442.awsdns-52.org.": 0.0009915828704833984, "ns1.google.com.": 0.03713679313659668, "will.ns.cloudflare.com.": 0.00729680061340332, "ns-1071.awsdns-05.org.": 0.0015995502471923828, "ns1.sogou.com.": 0.22148394584655762, "paityn.ns.cloudflare.com.": 0.010368824005126953, "ns-1432.awsdns-51.org.": 0.0009496212005615234, "ns-1319.awsdns-36.org.": 0.0021882057189941406, "elmo.ns.cloudflare.com.": 0.007809638977050781, "ns1.bytedns.com.": 0.22654199600219727, "ns-1221.awsdns-24.org.": 0.0017428398132324219, "ns4.dnsv2.com.": 0.26007819175720215, "ns5.dmm.co.jp.": 0.2655203342437744, "ns4-l2.nic.ru.": 0.026102304458618164, "ns1.jpmorganchase.com.": 0.1218111515045166, "ns3.archive.org.": 0.16282033920288086, "ns1.service.edu.cn.": 0.3286454677581787, "ns06.rakuten.co.jp.": 0.2748415470123291, "ns-1041.awsdns-02.org.": 0.0010364055633544922, "ns-1409.awsdns-48.org.": 0.0012390613555908203, "ns-1387.awsdns-45.org.": 0.0012481212615966797, "josephine.ns.cloudflare.com.": 0.009198188781738281, "ns1.alipay.com.": 0.16995692253112793, "ns-1534.awsdns-63.org.": 0.005277872085571289, "nsnl2.mega.nz.": 0.03287529945373535, "rem1.yodao.net.": 0.29691529273986816, "a1-185.akam.net.": 0.026587247848510742, "ns-1832.awsdns-37.co.uk.": 0.023403167724609375, "ns2.hitomi.la.": 0.05596041679382324, "ns-1463.awsdns-54.org.": 0.0009567737579345703, "ns-1386.awsdns-45.org.": 0.0009996891021728516, "ns-1239.awsdns-26.org.": 0.0009860992431640625, "ns.eastday.com.": 0.16987323760986328, "ns01.ebaydns.com.": 0.03490734100341797, "dns8.360safe.com.": -1, "dns1.eporner.com.": 0.015363454818725586, "ns-1169.awsdns-18.org.": 0.0029571056365966797, "dns.cnki.net.": 0.32312560081481934, "fay.ns.cloudflare.com.": 0.011537790298461914, "ns-1105.awsdns-10.org.": 0.002212047576904297, "ns-1045.awsdns-02.org.": 0.0009679794311523438, "ns-1126.awsdns-12.org.": 0.0008287429809570312, "sv1.bdydns.cn.": 0.2569899559020996, "ns-1296.awsdns-34.org.": 0.0013575553894042969, "ns1-38.azure-dns.com.": 0.02942490577697754, "a9-67.akam.net.": 0.013443946838378906, "jerry.ns.cloudflare.com.": 0.004436969757080078, "ns-1219.awsdns-24.org.": 0.0013742446899414062, "ns-666.awsdns-19.net.": 0.02442336082458496, "carl.ns.cloudflare.com.": 0.009682178497314453, "f1g1ns2.dnspod.net.": 0.2753005027770996, "ns-1119.awsdns-11.org.": 0.0014922618865966797, "a16-67.akam.net.": 0.037514686584472656, "ns2.naver.jp.": 0.26897740364074707, "lily.ns.cloudflare.com.": 0.007817506790161133, "ns1.yandex.ru.": 0.04161572456359863, "tori.ns.cloudflare.com.": 0.004846334457397461, "ns3.cloudflare.com.": 0.0049114227294921875, "dns110.ovh.net.": 0.034680843353271484, "ns10.bac.com.": 0.027013063430786133, "ns1.dnsmadeeasy.com.": 0.015665531158447266, "dns.smartedu.cn.": 0.32672977447509766, "dnssm.samsung.com.": 0.3152036666870117, "ns4-64.akam.net.": 0.04034709930419922, "ns-1087.awsdns-07.org.": 0.001631021499633789, "dns1.p04.nsone.net.": 0.038286447525024414, "ns1.wildberries.ru.": 0.02364492416381836, "usw1.akam.net.": 0.02411794662475586,